GEO.id,GEO.id2,GEO.display-label,D001,D002,D003,D004,D005,D006,D007,D008,D010,% Hispanic,% White,% Black,% Asian,D011
Id,Id2,Geography,Total:,Hispanic or Latino,Not Hispanic or Latino:,Not Hispanic or Latino: - Population of one race:,Not Hispanic or Latino: - Population of one race: - White alone,Not Hispanic or Latino: - Population of one race: - Black or African American alone,Not Hispanic or Latino: - Population of one race: - American Indian and Alaska Native alone,Not Hispanic or Latino: - Population of one race: - Asian alone,Not Hispanic or Latino: - Population of one race: - Some Other Race alone,,,,,Not Hispanic or Latino: - Two or More Races:
1580000US2507000025000100,25025000100,"Census Tract 1, Suffolk County (part), Boston city, Massachusetts",3675,459,3216,3090,2317,186,3,398,186,0.124897959,0.63047619,0.050612245,0.10829932,126
1580000US2507000025000201,25025000201,"Census Tract 2.01, Suffolk County (part), Boston city, Massachusetts",3415,276,3139,3076,2565,176,4,274,56,0.080819912,0.751098097,0.051537335,0.080234261,63
1580000US2507000025000202,25025000202,"Census Tract 2.02, Suffolk County (part), Boston city, Massachusetts",3229,378,2851,2816,2153,189,8,428,38,0.117064107,0.666769898,0.058532053,0.132548777,35
1580000US2507000025000301,25025000301,"Census Tract 3.01, Suffolk County (part), Boston city, Massachusetts",2467,152,2315,2280,1906,106,0,250,18,0.061613296,0.772598298,0.042967167,0.101337657,35
1580000US2507000025000302,25025000302,"Census Tract 3.02, Suffolk County (part), Boston city, Massachusetts",2832,176,2656,2623,2130,72,1,396,24,0.062146893,0.752118644,0.025423729,0.139830508,33
1580000US2507000025000401,25025000401,"Census Tract 4.01, Suffolk County (part), Boston city, Massachusetts",5268,244,5024,4942,3837,125,2,951,26,0.046317388,0.728359909,0.02372817,0.180523918,82
1580000US2507000025000402,25025000402,"Census Tract 4.02, Suffolk County (part), Boston city, Massachusetts",3282,168,3114,3042,2464,69,0,484,23,0.0511883,0.750761731,0.021023766,0.147471054,72
1580000US2507000025000502,25025000502,"Census Tract 5.02, Suffolk County (part), Boston city, Massachusetts",6218,442,5776,5642,4665,267,6,686,16,0.07108395,0.750241235,0.042939852,0.110324863,134
1580000US2507000025000503,25025000503,"Census Tract 5.03, Suffolk County (part), Boston city, Massachusetts",2157,90,2067,2026,1710,54,2,249,11,0.041724618,0.792767733,0.025034771,0.115438108,41
1580000US2507000025000504,25025000504,"Census Tract 5.04, Suffolk County (part), Boston city, Massachusetts",4825,294,4531,4458,3783,161,4,496,11,0.060932642,0.784041451,0.033367876,0.102797927,73
1580000US2507000025000601,25025000601,"Census Tract 6.01, Suffolk County (part), Boston city, Massachusetts",3276,247,3029,2963,2323,76,2,478,84,0.075396825,0.709096459,0.023199023,0.145909646,66
1580000US2507000025000602,25025000602,"Census Tract 6.02, Suffolk County (part), Boston city, Massachusetts",3498,440,3058,2971,2066,304,3,570,26,0.125786164,0.590623213,0.086906804,0.162950257,87
1580000US2507000025000701,25025000701,"Census Tract 7.01, Suffolk County (part), Boston city, Massachusetts",4274,305,3969,3866,2979,165,4,673,41,0.071361722,0.697005147,0.038605522,0.157463734,103
1580000US2507000025000703,25025000703,"Census Tract 7.03, Suffolk County (part), Boston city, Massachusetts",2733,180,2553,2467,1681,85,3,647,50,0.06586169,0.615075009,0.031101354,0.236736187,86
1580000US2507000025000704,25025000704,"Census Tract 7.04, Suffolk County (part), Boston city, Massachusetts",4558,496,4062,3962,2829,253,3,809,64,0.108819658,0.620666959,0.055506801,0.177490127,100
1580000US2507000025000802,25025000802,"Census Tract 8.02, Suffolk County (part), Boston city, Massachusetts",7465,1201,6264,6059,4137,273,6,1417,223,0.160884126,0.554186202,0.036570663,0.189819156,205
1580000US2507000025000803,25025000803,"Census Tract 8.03, Suffolk County (part), Boston city, Massachusetts",6395,541,5854,5620,3875,363,6,1355,20,0.084597342,0.605942142,0.056763096,0.211884285,234
1580000US2507000025010103,25025010103,"Census Tract 101.03, Suffolk County (part), Boston city, Massachusetts",4550,347,4203,4040,2568,127,4,1320,21,0.076263736,0.564395604,0.027912088,0.29010989,163
1580000US2507000025010104,25025010104,"Census Tract 101.04, Suffolk County (part), Boston city, Massachusetts",4701,397,4304,4170,3065,128,8,955,14,0.084450117,0.651988939,0.027228249,0.203148266,134
1580000US2507000025010203,25025010203,"Census Tract 102.03, Suffolk County (part), Boston city, Massachusetts",5400,525,4875,4719,3550,241,11,893,20,0.097222222,0.657407407,0.04462963,0.16537037,156
1580000US2507000025010204,25025010204,"Census Tract 102.04, Suffolk County (part), Boston city, Massachusetts",3142,176,2966,2874,2117,88,3,659,7,0.056015277,0.673774666,0.028007638,0.20973902,92
1580000US2507000025010300,25025010300,"Census Tract 103, Suffolk County (part), Boston city, Massachusetts",4727,388,4339,4204,3359,345,3,474,19,0.082081659,0.710598688,0.07298498,0.100275016,135
1580000US2507000025010403,25025010403,"Census Tract 104.03, Suffolk County (part), Boston city, Massachusetts",2898,262,2636,2562,1657,273,10,612,10,0.090407177,0.571773637,0.094202899,0.211180124,74
1580000US2507000025010404,25025010404,"Census Tract 104.04, Suffolk County (part), Boston city, Massachusetts",5733,363,5370,5241,4048,238,4,924,23,0.063317635,0.706087563,0.041514042,0.161172161,129
1580000US2507000025010405,25025010405,"Census Tract 104.05, Suffolk County (part), Boston city, Massachusetts",5402,383,5019,4878,3754,390,9,708,15,0.070899667,0.694927805,0.072195483,0.131062569,141
1580000US2507000025010408,25025010408,"Census Tract 104.08, Suffolk County (part), Boston city, Massachusetts",1380,115,1265,1248,1008,35,2,201,1,0.083333333,0.730434783,0.025362319,0.145652174,17
1580000US2507000025010500,25025010500,"Census Tract 105, Suffolk County (part), Boston city, Massachusetts",2929,261,2668,2616,1923,278,4,398,12,0.089108911,0.656538068,0.09491294,0.135882554,52
1580000US2507000025010600,25025010600,"Census Tract 106, Suffolk County (part), Boston city, Massachusetts",2679,143,2536,2503,2019,133,2,345,4,0.053378126,0.753639418,0.04964539,0.128779395,33
1580000US2507000025010701,25025010701,"Census Tract 107.01, Suffolk County (part), Boston city, Massachusetts",2367,135,2232,2184,1907,57,2,205,13,0.057034221,0.805661174,0.024081115,0.08660752,48
1580000US2507000025010702,25025010702,"Census Tract 107.02, Suffolk County (part), Boston city, Massachusetts",2235,99,2136,2112,1936,53,2,117,3,0.044295302,0.866219239,0.023713647,0.052348993,24
1580000US2507000025010801,25025010801,"Census Tract 108.01, Suffolk County (part), Boston city, Massachusetts",2608,131,2477,2437,2196,62,3,172,4,0.050230061,0.84202454,0.023773006,0.06595092,40
1580000US2507000025010802,25025010802,"Census Tract 108.02, Suffolk County (part), Boston city, Massachusetts",2854,113,2741,2695,2371,47,0,265,12,0.039593553,0.83076384,0.016468115,0.092852137,46
1580000US2507000025020101,25025020101,"Census Tract 201.01, Suffolk County (part), Boston city, Massachusetts",3729,116,3613,3587,3378,25,1,171,11,0.031107536,0.905872888,0.00670421,0.045856798,26
1580000US2507000025020200,25025020200,"Census Tract 202, Suffolk County (part), Boston city, Massachusetts",3494,163,3331,3272,2933,99,2,230,8,0.046651402,0.839439038,0.028334287,0.065827132,59
1580000US2507000025020301,25025020301,"Census Tract 203.01, Suffolk County (part), Boston city, Massachusetts",1906,98,1808,1783,1338,50,2,389,4,0.051416579,0.701993704,0.026232949,0.20409234,25
1580000US2507000025020302,25025020302,"Census Tract 203.02, Suffolk County (part), Boston city, Massachusetts",1124,51,1073,1059,966,31,1,58,3,0.045373665,0.859430605,0.027580071,0.051601423,14
1580000US2507000025020303,25025020303,"Census Tract 203.03, Suffolk County (part), Boston city, Massachusetts",3172,348,2824,2777,1933,530,6,301,6,0.109709962,0.609394704,0.167087011,0.094892812,47
1580000US2507000025030100,25025030100,"Census Tract 301, Suffolk County (part), Boston city, Massachusetts",1892,61,1831,1822,1766,19,0,30,5,0.032241015,0.933403805,0.010042283,0.015856237,9
1580000US2507000025030200,25025030200,"Census Tract 302, Suffolk County (part), Boston city, Massachusetts",1597,60,1537,1522,1468,8,6,35,4,0.037570445,0.919223544,0.005009393,0.021916093,15
1580000US2507000025030300,25025030300,"Census Tract 303, Suffolk County (part), Boston city, Massachusetts",4604,215,4389,4326,3793,237,11,268,16,0.046698523,0.823848827,0.051476977,0.058210252,63
1580000US2507000025030400,25025030400,"Census Tract 304, Suffolk County (part), Boston city, Massachusetts",2345,71,2274,2256,2164,12,5,69,6,0.030277186,0.922814499,0.005117271,0.029424307,18
1580000US2507000025030500,25025030500,"Census Tract 305, Suffolk County (part), Boston city, Massachusetts",2425,90,2335,2313,2197,13,0,98,5,0.037113402,0.905979381,0.005360825,0.040412371,22
1580000US2507000025040100,25025040100,"Census Tract 401, Suffolk County (part), Boston city, Massachusetts",1931,34,1897,1885,1828,11,2,43,1,0.017607457,0.946659762,0.00569653,0.022268255,12
1580000US2507000025040200,25025040200,"Census Tract 402, Suffolk County (part), Boston city, Massachusetts",1173,190,983,972,729,137,1,96,9,0.161977835,0.621483376,0.116794544,0.081841432,11
1580000US2507000025040300,25025040300,"Census Tract 403, Suffolk County (part), Boston city, Massachusetts",3239,226,3013,2984,2782,82,1,118,1,0.069774622,0.85890707,0.025316456,0.036430997,29
1580000US2507000025040401,25025040401,"Census Tract 404.01, Suffolk County (part), Boston city, Massachusetts",2036,86,1950,1935,1731,33,2,167,1,0.042239686,0.850196464,0.016208251,0.082023576,15
1580000US2507000025040600,25025040600,"Census Tract 406, Suffolk County (part), Boston city, Massachusetts",2204,48,2156,2146,2031,30,0,80,4,0.021778584,0.921506352,0.013611615,0.036297641,10
1580000US2507000025040801,25025040801,"Census Tract 408.01, Suffolk County (part), Boston city, Massachusetts",3171,389,2782,2740,1955,197,4,560,17,0.122674235,0.616524756,0.062125512,0.176600442,42
1580000US2507000025050101,25025050101,"Census Tract 501.01, Suffolk County (part), Boston city, Massachusetts",3785,2138,1647,1594,1243,102,7,221,21,0.564861295,0.328401585,0.026948481,0.058388375,53
1580000US2507000025050200,25025050200,"Census Tract 502, Suffolk County (part), Boston city, Massachusetts",3899,2426,1473,1417,1122,102,5,100,87,0.622210823,0.287766094,0.026160554,0.025647602,56
1580000US2507000025050300,25025050300,"Census Tract 503, Suffolk County (part), Boston city, Massachusetts",1734,693,1041,990,596,167,2,189,36,0.399653979,0.343713956,0.096309112,0.10899654,51
1580000US2507000025050400,25025050400,"Census Tract 504, Suffolk County (part), Boston city, Massachusetts",1961,943,1018,983,830,58,4,48,43,0.480877104,0.423253442,0.029576747,0.024477307,35
1580000US2507000025050500,25025050500,"Census Tract 505, Suffolk County (part), Boston city, Massachusetts",1481,744,737,711,604,29,0,39,39,0.502363268,0.407832546,0.019581364,0.026333558,26
1580000US2507000025050600,25025050600,"Census Tract 506, Suffolk County (part), Boston city, Massachusetts",1632,1053,579,551,442,32,5,33,39,0.645220588,0.270833333,0.019607843,0.020220588,28
1580000US2507000025050700,25025050700,"Census Tract 507, Suffolk County (part), Boston city, Massachusetts",3493,2141,1352,1316,1053,66,5,68,124,0.612940166,0.301460063,0.018894933,0.019467506,36
1580000US2507000025050901,25025050901,"Census Tract 509.01, Suffolk County (part), Boston city, Massachusetts",3167,1928,1239,1214,1039,60,1,74,40,0.608778023,0.328070729,0.018945374,0.023365961,25
1580000US2507000025051000,25025051000,"Census Tract 510, Suffolk County (part), Boston city, Massachusetts",3251,1088,2163,2129,1934,71,3,99,21,0.334666257,0.594893879,0.021839434,0.030452169,34
1580000US2507000025051101,25025051101,"Census Tract 511.01, Suffolk County (part), Boston city, Massachusetts",4748,1555,3193,3148,2712,206,10,168,51,0.327506318,0.571187869,0.043386689,0.035383319,45
1580000US2507000025051200,25025051200,"Census Tract 512, Suffolk County (part), Boston city, Massachusetts",1979,617,1362,1331,1198,45,4,45,39,0.311773623,0.605356241,0.022738757,0.022738757,31
1580000US2507000025060101,25025060101,"Census Tract 601.01, Suffolk County (part), Boston city, Massachusetts",2915,33,2882,2870,2835,18,4,11,1,0.011320755,0.972555746,0.006174957,0.003773585,12
1580000US2507000025060200,25025060200,"Census Tract 602, Suffolk County (part), Boston city, Massachusetts",1712,13,1699,1691,1682,2,0,7,0,0.007593458,0.982476636,0.001168224,0.004088785,8
1580000US2507000025060301,25025060301,"Census Tract 603.01, Suffolk County (part), Boston city, Massachusetts",2808,24,2784,2771,2720,18,1,26,6,0.008547009,0.968660969,0.006410256,0.009259259,13
1580000US2507000025060400,25025060400,"Census Tract 604, Suffolk County (part), Boston city, Massachusetts",4479,80,4399,4365,4236,46,5,75,2,0.01786113,0.945746818,0.01027015,0.016744809,34
1580000US2507000025060501,25025060501,"Census Tract 605.01, Suffolk County (part), Boston city, Massachusetts",3266,55,3211,3190,3077,16,2,89,5,0.016840171,0.942131047,0.004898959,0.027250459,21
1580000US2507000025060600,25025060600,"Census Tract 606, Suffolk County (part), Boston city, Massachusetts",2236,80,2156,2126,1952,26,5,136,6,0.035778175,0.872987478,0.011627907,0.060822898,30
1580000US2507000025060700,25025060700,"Census Tract 607, Suffolk County (part), Boston city, Massachusetts",1175,525,650,619,268,196,1,136,18,0.446808511,0.228085106,0.166808511,0.115744681,31
1580000US2507000025060800,25025060800,"Census Tract 608, Suffolk County (part), Boston city, Massachusetts",3623,84,3539,3511,3302,38,5,156,9,0.023185206,0.911399393,0.010488545,0.043058239,28
1580000US2507000025061000,25025061000,"Census Tract 610, Suffolk County (part), Boston city, Massachusetts",2244,536,1708,1670,1114,265,3,258,30,0.23885918,0.496434938,0.118092692,0.114973262,38
1580000US2507000025061101,25025061101,"Census Tract 611.01, Suffolk County (part), Boston city, Massachusetts",1519,562,957,933,384,312,6,224,5,0.36998025,0.252797893,0.205398288,0.147465438,24
1580000US2507000025061200,25025061200,"Census Tract 612, Suffolk County (part), Boston city, Massachusetts",2975,135,2840,2813,2547,52,2,199,10,0.045378151,0.856134454,0.017478992,0.066890756,27
1580000US2507000025070101,25025070101,"Census Tract 701.01, Suffolk County (part), Boston city, Massachusetts",5544,338,5206,5110,3349,261,3,1484,10,0.060966811,0.604076479,0.047077922,0.267676768,96
1580000US2507000025070200,25025070200,"Census Tract 702, Suffolk County (part), Boston city, Massachusetts",4731,146,4585,4516,1742,147,3,2614,9,0.030860283,0.368209681,0.031071655,0.552525893,69
1580000US2507000025070300,25025070300,"Census Tract 703, Suffolk County (part), Boston city, Massachusetts",3658,143,3515,3457,2810,99,4,527,16,0.0390924,0.768179333,0.027063969,0.144067797,58
1580000US2507000025070402,25025070402,"Census Tract 704.02, Suffolk County (part), Boston city, Massachusetts",1358,101,1257,1243,107,143,2,986,5,0.07437408,0.078792342,0.105301915,0.726067747,14
1580000US2507000025070500,25025070500,"Census Tract 705, Suffolk County (part), Boston city, Massachusetts",4710,793,3917,3863,2761,312,4,776,10,0.16836518,0.586199575,0.066242038,0.164755839,54
1580000US2507000025070600,25025070600,"Census Tract 706, Suffolk County (part), Boston city, Massachusetts",2007,96,1911,1888,1677,77,3,120,10,0.047832586,0.835575486,0.03836572,0.059790732,23
1580000US2507000025070700,25025070700,"Census Tract 707, Suffolk County (part), Boston city, Massachusetts",2056,147,1909,1859,1201,437,7,204,10,0.071498054,0.584143969,0.212548638,0.09922179,50
1580000US2507000025070800,25025070800,"Census Tract 708, Suffolk County (part), Boston city, Massachusetts",3371,295,3076,3005,2175,561,3,251,15,0.087511124,0.645209137,0.16641946,0.074458618,71
1580000US2507000025070900,25025070900,"Census Tract 709, Suffolk County (part), Boston city, Massachusetts",2754,459,2295,2228,1396,564,8,251,8,0.166666667,0.506899056,0.204793028,0.09114016,67
1580000US2507000025071101,25025071101,"Census Tract 711.01, Suffolk County (part), Boston city, Massachusetts",3460,422,3038,2967,1768,516,14,633,35,0.121965318,0.510982659,0.149132948,0.182947977,71
1580000US2507000025071201,25025071201,"Census Tract 712.01, Suffolk County (part), Boston city, Massachusetts",2571,537,2034,1999,1129,436,7,410,13,0.208868145,0.439128744,0.16958382,0.159471023,35
1580000US2507000025080100,25025080100,"Census Tract 801, Suffolk County (part), Boston city, Massachusetts",2935,804,2131,2040,501,1278,6,41,214,0.273935264,0.170698467,0.435434412,0.013969336,91
1580000US2507000025080300,25025080300,"Census Tract 803, Suffolk County (part), Boston city, Massachusetts",1244,330,914,886,64,775,9,13,25,0.265273312,0.051446945,0.622990354,0.010450161,28
1580000US2507000025080401,25025080401,"Census Tract 804.01, Suffolk County (part), Boston city, Massachusetts",2010,663,1347,1295,191,1017,15,63,9,0.329850746,0.095024876,0.505970149,0.031343284,52
1580000US2507000025080500,25025080500,"Census Tract 805, Suffolk County (part), Boston city, Massachusetts",2148,871,1277,1237,217,923,2,88,7,0.405493482,0.101024209,0.429702048,0.040968343,40
1580000US2507000025080601,25025080601,"Census Tract 806.01, Suffolk County (part), Boston city, Massachusetts",3779,496,3283,3207,2131,675,10,359,32,0.131251654,0.563905795,0.178618682,0.094998677,76
1580000US2507000025080801,25025080801,"Census Tract 808.01, Suffolk County (part), Boston city, Massachusetts",3115,887,2228,2166,1251,532,14,364,5,0.284751204,0.401605136,0.170786517,0.116853933,62
1580000US2507000025080900,25025080900,"Census Tract 809, Suffolk County (part), Boston city, Massachusetts",3802,254,3548,3464,2550,267,5,630,8,0.066806944,0.670699632,0.070226197,0.165702262,84
1580000US2507000025081001,25025081001,"Census Tract 810.01, Suffolk County (part), Boston city, Massachusetts",4228,671,3557,3464,2119,516,18,796,12,0.158703879,0.501182592,0.122043519,0.188268685,93
1580000US2507000025081100,25025081100,"Census Tract 811, Suffolk County (part), Boston city, Massachusetts",3752,491,3261,3196,1876,798,6,503,12,0.130863539,0.5,0.212686567,0.134061834,65
1580000US2507000025081200,25025081200,"Census Tract 812, Suffolk County (part), Boston city, Massachusetts",2225,1114,1111,1057,349,627,3,67,11,0.500674157,0.156853933,0.281797753,0.03011236,54
1580000US2507000025081300,25025081300,"Census Tract 813, Suffolk County (part), Boston city, Massachusetts",3510,1542,1968,1902,250,1582,19,32,17,0.439316239,0.071225071,0.450712251,0.009116809,66
1580000US2507000025081400,25025081400,"Census Tract 814, Suffolk County (part), Boston city, Massachusetts",2480,446,2034,1964,654,1204,9,84,13,0.17983871,0.263709677,0.485483871,0.033870968,70
1580000US2507000025081500,25025081500,"Census Tract 815, Suffolk County (part), Boston city, Massachusetts",1645,354,1291,1255,166,1038,8,25,17,0.215197568,0.100911854,0.63100304,0.015197568,36
1580000US2507000025081700,25025081700,"Census Tract 817, Suffolk County (part), Boston city, Massachusetts",2753,476,2277,2190,67,2040,16,40,26,0.172902288,0.024337087,0.741009807,0.014529604,87
1580000US2507000025081800,25025081800,"Census Tract 818, Suffolk County (part), Boston city, Massachusetts",2132,490,1642,1569,75,1417,10,32,33,0.229831144,0.035178236,0.664634146,0.015009381,73
1580000US2507000025081900,25025081900,"Census Tract 819, Suffolk County (part), Boston city, Massachusetts",2292,535,1757,1690,58,1576,13,11,32,0.233420593,0.02530541,0.687609075,0.004799302,67
1580000US2507000025082000,25025082000,"Census Tract 820, Suffolk County (part), Boston city, Massachusetts",2112,336,1776,1728,43,1629,8,13,34,0.159090909,0.020359848,0.771306818,0.006155303,48
1580000US2507000025082100,25025082100,"Census Tract 821, Suffolk County (part), Boston city, Massachusetts",3444,1073,2371,2307,51,2189,16,25,25,0.31155633,0.014808362,0.635598142,0.007259001,64
1580000US2507000025090100,25025090100,"Census Tract 901, Suffolk County (part), Boston city, Massachusetts",3259,684,2575,2500,67,2352,20,21,39,0.209880331,0.020558454,0.721693771,0.006443694,75
1580000US2507000025090200,25025090200,"Census Tract 902, Suffolk County (part), Boston city, Massachusetts",1458,521,937,911,28,806,5,28,44,0.35733882,0.01920439,0.552812071,0.01920439,26
1580000US2507000025090300,25025090300,"Census Tract 903, Suffolk County (part), Boston city, Massachusetts",2100,658,1442,1385,40,1276,7,15,46,0.313333333,0.019047619,0.607619048,0.007142857,57
1580000US2507000025090400,25025090400,"Census Tract 904, Suffolk County (part), Boston city, Massachusetts",2508,746,1762,1643,72,1360,14,21,176,0.297448166,0.028708134,0.542264753,0.008373206,119
1580000US2507000025090600,25025090600,"Census Tract 906, Suffolk County (part), Boston city, Massachusetts",1695,305,1390,1238,70,665,4,29,467,0.179941003,0.041297935,0.392330383,0.017109145,152
1580000US2507000025090700,25025090700,"Census Tract 907, Suffolk County (part), Boston city, Massachusetts",3641,280,3361,3293,2309,287,10,627,60,0.07690195,0.634166438,0.078824499,0.172205438,68
1580000US2507000025090901,25025090901,"Census Tract 909.01, Suffolk County (part), Boston city, Massachusetts",3145,547,2598,2542,1293,515,7,681,41,0.173926868,0.411128776,0.163751987,0.216534181,56
1580000US2507000025091001,25025091001,"Census Tract 910.01, Suffolk County (part), Boston city, Massachusetts",2282,152,2130,2078,1426,231,0,397,22,0.066608238,0.624890447,0.101226994,0.173970202,52
1580000US2507000025091100,25025091100,"Census Tract 911, Suffolk County (part), Boston city, Massachusetts",3941,337,3604,3469,1985,439,6,942,97,0.085511292,0.503679269,0.111393047,0.239025628,135
1580000US2507000025091200,25025091200,"Census Tract 912, Suffolk County (part), Boston city, Massachusetts",2484,446,2038,1905,889,562,3,159,287,0.179549114,0.357890499,0.226247987,0.064009662,133
1580000US2507000025091300,25025091300,"Census Tract 913, Suffolk County (part), Boston city, Massachusetts",1789,370,1419,1274,145,568,3,58,499,0.206819452,0.081050866,0.317495808,0.032420347,145
1580000US2507000025091400,25025091400,"Census Tract 914, Suffolk County (part), Boston city, Massachusetts",2024,582,1442,1318,183,918,5,22,189,0.287549407,0.09041502,0.453557312,0.010869565,124
1580000US2507000025091500,25025091500,"Census Tract 915, Suffolk County (part), Boston city, Massachusetts",3187,608,2579,2316,381,1222,5,155,553,0.190775024,0.119548164,0.383432695,0.04863508,263
1580000US2507000025091600,25025091600,"Census Tract 916, Suffolk County (part), Boston city, Massachusetts",2283,322,1961,1846,348,700,7,608,183,0.141042488,0.152431012,0.306614104,0.266316251,115
1580000US2507000025091700,25025091700,"Census Tract 917, Suffolk County (part), Boston city, Massachusetts",2167,433,1734,1592,170,987,4,95,336,0.199815413,0.078449469,0.455468389,0.043839409,142
1580000US2507000025091800,25025091800,"Census Tract 918, Suffolk County (part), Boston city, Massachusetts",2429,454,1975,1817,110,1274,9,50,374,0.186908193,0.045286126,0.524495677,0.020584603,158
1580000US2507000025091900,25025091900,"Census Tract 919, Suffolk County (part), Boston city, Massachusetts",2693,525,2168,2093,76,1918,12,12,75,0.19494987,0.028221315,0.712216859,0.004455997,75
1580000US2507000025092000,25025092000,"Census Tract 920, Suffolk County (part), Boston city, Massachusetts",3653,753,2900,2737,233,1973,11,356,162,0.206131946,0.063783192,0.540104024,0.097454147,163
1580000US2507000025092101,25025092101,"Census Tract 921.01, Suffolk County (part), Boston city, Massachusetts",4901,470,4431,4285,1681,1015,10,1448,131,0.095898796,0.342991226,0.207100592,0.295449908,146
1580000US2507000025092200,25025092200,"Census Tract 922, Suffolk County (part), Boston city, Massachusetts",2566,285,2281,2194,663,1068,9,390,64,0.11106781,0.2583788,0.416212003,0.151987529,87
1580000US2507000025092300,25025092300,"Census Tract 923, Suffolk County (part), Boston city, Massachusetts",2051,285,1766,1699,42,1613,3,15,26,0.138956607,0.020477816,0.786445636,0.007313506,67
1580000US2507000025092400,25025092400,"Census Tract 924, Suffolk County (part), Boston city, Massachusetts",3642,901,2741,2643,43,2516,17,27,40,0.247391543,0.0118067,0.690829215,0.007413509,98
1580000US2507000025100100,25025100100,"Census Tract 1001, Suffolk County (part), Boston city, Massachusetts",3751,971,2780,2692,45,2526,11,32,75,0.258864303,0.011996801,0.673420421,0.008531058,88
1580000US2507000025100200,25025100200,"Census Tract 1002, Suffolk County (part), Boston city, Massachusetts",1967,252,1715,1660,28,1586,3,19,24,0.128113879,0.014234875,0.806304016,0.00965938,55
1580000US2507000025100300,25025100300,"Census Tract 1003, Suffolk County (part), Boston city, Massachusetts",2386,224,2162,2109,100,1943,5,19,42,0.093880972,0.041911148,0.814333613,0.007963118,53
1580000US2507000025100400,25025100400,"Census Tract 1004, Suffolk County (part), Boston city, Massachusetts",3706,299,3407,3286,506,2497,15,180,88,0.080679978,0.136535348,0.673772261,0.048569887,121
1580000US2507000025100500,25025100500,"Census Tract 1005, Suffolk County (part), Boston city, Massachusetts",4438,622,3816,3681,701,2433,9,451,86,0.140153222,0.157954033,0.548219919,0.101622352,135
1580000US2507000025100601,25025100601,"Census Tract 1006.01, Suffolk County (part), Boston city, Massachusetts",4006,325,3681,3597,1772,1068,7,628,120,0.081128308,0.442336495,0.2666001,0.156764853,84
1580000US2507000025100603,25025100603,"Census Tract 1006.03, Suffolk County (part), Boston city, Massachusetts",1533,83,1450,1423,1109,181,1,117,14,0.054142205,0.723418134,0.118069145,0.076320939,27
1580000US2507000025100700,25025100700,"Census Tract 1007, Suffolk County (part), Boston city, Massachusetts",3448,73,3375,3354,3094,123,4,120,13,0.021171694,0.897331787,0.035672854,0.034802784,21
1580000US2507000025100800,25025100800,"Census Tract 1008, Suffolk County (part), Boston city, Massachusetts",4489,295,4194,4078,2502,1036,14,481,44,0.065716195,0.557362442,0.230786367,0.107150813,116
1580000US2507000025100900,25025100900,"Census Tract 1009, Suffolk County (part), Boston city, Massachusetts",3192,243,2949,2879,840,1786,0,210,43,0.07612782,0.263157895,0.55952381,0.065789474,70
1580000US2507000025101001,25025101001,"Census Tract 1010.01, Suffolk County (part), Boston city, Massachusetts",4257,391,3866,3772,115,3594,18,11,34,0.09184872,0.027014329,0.844256519,0.002583979,94
1580000US2507000025101002,25025101002,"Census Tract 1010.02, Suffolk County (part), Boston city, Massachusetts",3786,442,3344,3254,188,2976,14,39,37,0.116745906,0.04965663,0.786053883,0.010301109,90
1580000US2507000025101101,25025101101,"Census Tract 1011.01, Suffolk County (part), Boston city, Massachusetts",2254,285,1969,1911,22,1875,3,2,9,0.126441881,0.009760426,0.831854481,0.000887311,58
1580000US2507000025101102,25025101102,"Census Tract 1011.02, Suffolk County (part), Boston city, Massachusetts",3163,317,2846,2786,49,2698,10,24,2,0.100221309,0.015491622,0.85298767,0.007587733,60
1580000US2507000025110103,25025110103,"Census Tract 1101.03, Suffolk County (part), Boston city, Massachusetts",4357,1200,3157,3053,1949,725,10,339,28,0.275418866,0.447326142,0.166398898,0.07780583,104
1580000US2507000025110201,25025110201,"Census Tract 1102.01, Suffolk County (part), Boston city, Massachusetts",1559,517,1042,1023,363,604,5,40,11,0.331622835,0.232841565,0.387427838,0.025657473,19
1580000US2507000025110301,25025110301,"Census Tract 1103.01, Suffolk County (part), Boston city, Massachusetts",1845,469,1376,1345,814,461,9,50,11,0.254200542,0.441192412,0.249864499,0.027100271,31
1580000US2507000025110401,25025110401,"Census Tract 1104.01, Suffolk County (part), Boston city, Massachusetts",2698,904,1794,1759,980,688,5,70,12,0.33506301,0.363232024,0.255003706,0.025945145,35
1580000US2507000025110403,25025110403,"Census Tract 1104.03, Suffolk County (part), Boston city, Massachusetts",3397,704,2693,2639,1832,670,8,90,35,0.207241684,0.539299382,0.197232853,0.026493965,54
1580000US2507000025110501,25025110501,"Census Tract 1105.01, Suffolk County (part), Boston city, Massachusetts",2568,319,2249,2214,1898,242,1,64,9,0.124221184,0.739096573,0.09423676,0.024922118,35
1580000US2507000025110502,25025110502,"Census Tract 1105.02, Suffolk County (part), Boston city, Massachusetts",3044,636,2408,2369,1770,488,4,90,17,0.208935611,0.581471748,0.160315375,0.02956636,39
1580000US2507000025110601,25025110601,"Census Tract 1106.01, Suffolk County (part), Boston city, Massachusetts",2449,98,2351,2330,2147,72,7,98,5,0.040016333,0.876684361,0.029399755,0.040016333,21
1580000US2507000025110607,25025110607,"Census Tract 1106.07, Suffolk County (part), Boston city, Massachusetts",4235,344,3891,3845,3512,206,5,103,19,0.081227863,0.829279811,0.048642267,0.024321133,46
1580000US2507000025120103,25025120103,"Census Tract 1201.03, Suffolk County (part), Boston city, Massachusetts",1237,58,1179,1158,1054,49,1,46,8,0.046887631,0.852061439,0.039611964,0.037186742,21
1580000US2507000025120104,25025120104,"Census Tract 1201.04, Suffolk County (part), Boston city, Massachusetts",1746,260,1486,1461,1235,116,0,104,6,0.148911798,0.707331042,0.066437572,0.059564719,25
1580000US2507000025120105,25025120105,"Census Tract 1201.05, Suffolk County (part), Boston city, Massachusetts",2017,89,1928,1892,1629,74,2,183,4,0.044124938,0.807635102,0.036688151,0.090728805,36
1580000US2507000025120201,25025120201,"Census Tract 1202.01, Suffolk County (part), Boston city, Massachusetts",2936,589,2347,2288,1752,407,5,104,20,0.200613079,0.596730245,0.138623978,0.035422343,59
1580000US2507000025120301,25025120301,"Census Tract 1203.01, Suffolk County (part), Boston city, Massachusetts",3933,1344,2589,2518,1726,641,7,121,23,0.341723875,0.43885075,0.162979914,0.030765319,71
1580000US2507000025120400,25025120400,"Census Tract 1204, Suffolk County (part), Boston city, Massachusetts",5078,476,4602,4500,3913,337,13,218,17,0.093737692,0.770578968,0.066364711,0.042930288,102
1580000US2507000025120500,25025120500,"Census Tract 1205, Suffolk County (part), Boston city, Massachusetts",1910,923,987,953,704,175,5,54,15,0.483246073,0.368586387,0.091623037,0.028272251,34
1580000US2507000025120600,25025120600,"Census Tract 1206, Suffolk County (part), Boston city, Massachusetts",2067,236,1831,1788,1604,96,2,74,11,0.114175133,0.77600387,0.046444122,0.035800677,43
1580000US2507000025120700,25025120700,"Census Tract 1207, Suffolk County (part), Boston city, Massachusetts",1807,298,1509,1482,1180,149,1,147,5,0.164914222,0.653016049,0.082457111,0.081350304,27
1580000US2507000025130100,25025130100,"Census Tract 1301, Suffolk County (part), Boston city, Massachusetts",4839,213,4626,4575,3996,155,1,405,18,0.044017359,0.825790453,0.032031411,0.083694978,51
1580000US2507000025130200,25025130200,"Census Tract 1302, Suffolk County (part), Boston city, Massachusetts",3622,138,3484,3468,3208,86,5,163,5,0.038100497,0.885698509,0.023743788,0.045002761,16
1580000US2507000025130300,25025130300,"Census Tract 1303, Suffolk County (part), Boston city, Massachusetts",3437,199,3238,3203,2917,98,3,172,11,0.057899331,0.848705266,0.028513238,0.050043643,35
1580000US2507000025130402,25025130402,"Census Tract 1304.02, Suffolk County (part), Boston city, Massachusetts",3777,219,3558,3531,3081,139,2,295,13,0.057982526,0.815726767,0.036801694,0.078104316,27
1580000US2507000025130404,25025130404,"Census Tract 1304.04, Suffolk County (part), Boston city, Massachusetts",2425,256,2169,2137,1788,170,1,163,14,0.10556701,0.737319588,0.070103093,0.067216495,32
1580000US2507000025130406,25025130406,"Census Tract 1304.06, Suffolk County (part), Boston city, Massachusetts",3570,634,2936,2889,1419,1264,7,186,13,0.177591036,0.397478992,0.354061625,0.05210084,47
1580000US2507000025140102,25025140102,"Census Tract 1401.02, Suffolk County (part), Boston city, Massachusetts",3273,503,2770,2715,1439,1173,3,75,24,0.153681638,0.439657806,0.358386801,0.022914757,55
1580000US2507000025140105,25025140105,"Census Tract 1401.05, Suffolk County (part), Boston city, Massachusetts",2819,656,2163,2115,1155,890,1,47,20,0.232706634,0.409719759,0.315714792,0.016672579,48
1580000US2507000025140106,25025140106,"Census Tract 1401.06, Suffolk County (part), Boston city, Massachusetts",1360,389,971,952,261,651,4,29,7,0.286029412,0.191911765,0.478676471,0.021323529,19
1580000US2507000025140107,25025140107,"Census Tract 1401.07, Suffolk County (part), Boston city, Massachusetts",1979,446,1533,1509,796,662,8,38,5,0.225366347,0.402223345,0.33451238,0.019201617,24
1580000US2507000025140201,25025140201,"Census Tract 1402.01, Suffolk County (part), Boston city, Massachusetts",1603,231,1372,1346,850,426,4,32,34,0.144104803,0.53025577,0.265751716,0.01996257,26
1580000US2507000025140202,25025140202,"Census Tract 1402.02, Suffolk County (part), Boston city, Massachusetts",4229,700,3529,3462,2038,1305,7,89,22,0.165523764,0.481910617,0.30858359,0.021045164,67
1580000US2507000025140300,25025140300,"Census Tract 1403, Suffolk County (part), Boston city, Massachusetts",4913,1043,3870,3795,1068,2613,12,72,30,0.212293914,0.217382455,0.531854264,0.014654997,75
1580000US2507000025140400,25025140400,"Census Tract 1404, Suffolk County (part), Boston city, Massachusetts",5905,830,5075,4946,606,4227,21,57,33,0.140558848,0.102624894,0.715834039,0.009652837,129
1580000US2507000025980101,25025980101,"Census Tract 9801.01, Suffolk County (part), Boston city, Massachusetts",530,130,400,392,165,204,2,7,13,0.245283019,0.311320755,0.38490566,0.013207547,8
1580000US2507000025980300,25025980300,"Census Tract 9803, Suffolk County (part), Boston city, Massachusetts",334,67,267,263,147,105,2,9,0,0.200598802,0.44011976,0.314371257,0.026946108,4
1580000US2507000025981000,25025981000,"Census Tract 9810, Suffolk County (part), Boston city, Massachusetts",14,0,14,10,3,7,0,0,0,0,0.214285714,0.5,0,4
1580000US2507000025981100,25025981100,"Census Tract 9811, Suffolk County (part), Boston city, Massachusetts",323,73,250,246,80,154,0,10,2,0.226006192,0.247678019,0.476780186,0.030959752,4
1580000US2507000025981202,25025981202,"Census Tract 9812.02, Suffolk County (part), Boston city, Massachusetts",207,37,170,169,155,11,0,2,0,0.178743961,0.748792271,0.053140097,0.009661836,1
1580000US2507000025981800,25025981800,"Census Tract 9818, Suffolk County (part), Boston city, Massachusetts",75,3,72,72,65,4,0,3,0,0.04,0.866666667,0.053333333,0.04,12